{
    "columns": [
        {
            "name": "sepal_length in cm",
            "datatype": "float"
        },
        {
            "name": "sepal_width in cm",
            "datatype": "float"
        },
        {
            "name": "petal_length in cm",
            "datatype": "float"
        },
        {
            "name": "petal_width in cm",
            "datatype": "float"
        },
        {
            "name": "class of iris: setosa/versicolor/virginica",
            "datatype": "string"
        }
    ],
    "data": [
        {
            "sepal_length in cm": 5.1,
            "sepal_width in cm": 3.5,
            "petal_length in cm": 1.4,
            "petal_width in cm": 0.2,
            "class of iris: setosa/versicolor/virginica": "Iris-setosa"
        },
        {
            "sepal_length in cm": 4.9,
            "sepal_width in cm": 3.0,
            "petal_length in cm": 1.4,
            "petal_width in cm": 0.2,
            "class of iris: setosa/versicolor/virginica": "Iris-setosa"
        },
        {
            "sepal_length in cm": 4.7,
            "sepal_width in cm": 3.2,
            "petal_length in cm": 1.3,
            "petal_width in cm": 0.2,
            "class of iris: setosa/versicolor/virginica": "Iris-setosa"
        },
        {
            "sepal_length in cm": 4.6,
            "sepal_width in cm": 3.1,
            "petal_length in cm": 1.5,
            "petal_width in cm": 0.2,
            "class of iris: setosa/versicolor/virginica": "Iris-setosa"
        },
        {
            "sepal_length in cm": 5.0,
            "sepal_width in cm": 3.6,
            "petal_length in cm": 1.4,
            "petal_width in cm": 0.2,
            "class of iris: setosa/versicolor/virginica": "Iris-setosa"
        },
        {
            "sepal_length in cm": 5.4,
            "sepal_width in cm": 3.9,
            "petal_length in cm": 1.7,
            "petal_width in cm": 0.4,
            "class of iris: setosa/versicolor/virginica": "Iris-setosa"
        },
        {
            "sepal_length in cm": 4.6,
            "sepal_width in cm": 3.4,
            "petal_length in cm": 1.4,
            "petal_width in cm": 0.3,
            "class of iris: setosa/versicolor/virginica": "Iris-setosa"
        },
        {
            "sepal_length in cm": 5.0,
            "sepal_width in cm": 3.4,
            "petal_length in cm": 1.5,
            "petal_width in cm": 0.2,
            "class of iris: setosa/versicolor/virginica": "Iris-setosa"
        },
        {
            "sepal_length in cm": 4.4,
            "sepal_width in cm": 2.9,
            "petal_length in cm": 1.4,
            "petal_width in cm": 0.2,
            "class of iris: setosa/versicolor/virginica": "Iris-setosa"
        },
        {
            "sepal_length in cm": 4.9,
            "sepal_width in cm": 3.1,
            "petal_length in cm": 1.5,
            "petal_width in cm": 0.1,
            "class of iris: setosa/versicolor/virginica": "Iris-setosa"
        },
        {
            "sepal_length in cm": 5.4,
            "sepal_width in cm": 3.7,
            "petal_length in cm": 1.5,
            "petal_width in cm": 0.2,
            "class of iris: setosa/versicolor/virginica": "Iris-setosa"
        },
        {
            "sepal_length in cm": 4.8,
            "sepal_width in cm": 3.4,
            "petal_length in cm": 1.6,
            "petal_width in cm": 0.2,
            "class of iris: setosa/versicolor/virginica": "Iris-setosa"
        },
        {
            "sepal_length in cm": 4.8,
            "sepal_width in cm": 3.0,
            "petal_length in cm": 1.4,
            "petal_width in cm": 0.1,
            "class of iris: setosa/versicolor/virginica": "Iris-setosa"
        },
        {
            "sepal_length in cm": 4.3,
            "sepal_width in cm": 3.0,
            "petal_length in cm": 1.1,
            "petal_width in cm": 0.1,
            "class of iris: setosa/versicolor/virginica": "Iris-setosa"
        },
        {
            "sepal_length in cm": 5.8,
            "sepal_width in cm": 4.0,
            "petal_length in cm": 1.2,
            "petal_width in cm": 0.2,
            "class of iris: setosa/versicolor/virginica": "Iris-setosa"
        },
        {
            "sepal_length in cm": 5.7,
            "sepal_width in cm": 4.4,
            "petal_length in cm": 1.5,
            "petal_width in cm": 0.4,
            "class of iris: setosa/versicolor/virginica": "Iris-setosa"
        },
        {
            "sepal_length in cm": 5.4,
            "sepal_width in cm": 3.9,
            "petal_length in cm": 1.3,
            "petal_width in cm": 0.4,
            "class of iris: setosa/versicolor/virginica": "Iris-setosa"
        },
        {
            "sepal_length in cm": 5.1,
            "sepal_width in cm": 3.5,
            "petal_length in cm": 1.4,
            "petal_width in cm": 0.3,
            "class of iris: setosa/versicolor/virginica": "Iris-setosa"
        },
        {
            "sepal_length in cm": 5.7,
            "sepal_width in cm": 3.8,
            "petal_length in cm": 1.7,
            "petal_width in cm": 0.3,
            "class of iris: setosa/versicolor/virginica": "Iris-setosa"
        },
        {
            "sepal_length in cm": 5.1,
            "sepal_width in cm": 3.8,
            "petal_length in cm": 1.5,
            "petal_width in cm": 0.3,
            "class of iris: setosa/versicolor/virginica": "Iris-setosa"
        },
        {
            "sepal_length in cm": 5.4,
            "sepal_width in cm": 3.4,
            "petal_length in cm": 1.7,
            "petal_width in cm": 0.2,
            "class of iris: setosa/versicolor/virginica": "Iris-setosa"
        },
        {
            "sepal_length in cm": 5.1,
            "sepal_width in cm": 3.7,
            "petal_length in cm": 1.5,
            "petal_width in cm": 0.4,
            "class of iris: setosa/versicolor/virginica": "Iris-setosa"
        },
        {
            "sepal_length in cm": 4.6,
            "sepal_width in cm": 3.6,
            "petal_length in cm": 1.0,
            "petal_width in cm": 0.2,
            "class of iris: setosa/versicolor/virginica": "Iris-setosa"
        },
        {
            "sepal_length in cm": 5.1,
            "sepal_width in cm": 3.3,
            "petal_length in cm": 1.7,
            "petal_width in cm": 0.5,
            "class of iris: setosa/versicolor/virginica": "Iris-setosa"
        },
        {
            "sepal_length in cm": 4.8,
            "sepal_width in cm": 3.4,
            "petal_length in cm": 1.9,
            "petal_width in cm": 0.2,
            "class of iris: setosa/versicolor/virginica": "Iris-setosa"
        },
        {
            "sepal_length in cm": 5.0,
            "sepal_width in cm": 3.0,
            "petal_length in cm": 1.6,
            "petal_width in cm": 0.2,
            "class of iris: setosa/versicolor/virginica": "Iris-setosa"
        },
        {
            "sepal_length in cm": 5.0,
            "sepal_width in cm": 3.4,
            "petal_length in cm": 1.6,
            "petal_width in cm": 0.4,
            "class of iris: setosa/versicolor/virginica": "Iris-setosa"
        },
        {
            "sepal_length in cm": 5.2,
            "sepal_width in cm": 3.5,
            "petal_length in cm": 1.5,
            "petal_width in cm": 0.2,
            "class of iris: setosa/versicolor/virginica": "Iris-setosa"
        },
        {
            "sepal_length in cm": 5.2,
            "sepal_width in cm": 3.4,
            "petal_length in cm": 1.4,
            "petal_width in cm": 0.2,
            "class of iris: setosa/versicolor/virginica": "Iris-setosa"
        },
        {
            "sepal_length in cm": 4.7,
            "sepal_width in cm": 3.2,
            "petal_length in cm": 1.6,
            "petal_width in cm": 0.2,
            "class of iris: setosa/versicolor/virginica": "Iris-setosa"
        },
        {
            "sepal_length in cm": 4.8,
            "sepal_width in cm": 3.1,
            "petal_length in cm": 1.6,
            "petal_width in cm": 0.2,
            "class of iris: setosa/versicolor/virginica": "Iris-setosa"
        },
        {
            "sepal_length in cm": 5.4,
            "sepal_width in cm": 3.4,
            "petal_length in cm": 1.5,
            "petal_width in cm": 0.4,
            "class of iris: setosa/versicolor/virginica": "Iris-setosa"
        },
        {
            "sepal_length in cm": 5.2,
            "sepal_width in cm": 4.1,
            "petal_length in cm": 1.5,
            "petal_width in cm": 0.1,
            "class of iris: setosa/versicolor/virginica": "Iris-setosa"
        },
        {
            "sepal_length in cm": 5.5,
            "sepal_width in cm": 4.2,
            "petal_length in cm": 1.4,
            "petal_width in cm": 0.2,
            "class of iris: setosa/versicolor/virginica": "Iris-setosa"
        },
        {
            "sepal_length in cm": 4.9,
            "sepal_width in cm": 3.1,
            "petal_length in cm": 1.5,
            "petal_width in cm": 0.1,
            "class of iris: setosa/versicolor/virginica": "Iris-setosa"
        },
        {
            "sepal_length in cm": 5.0,
            "sepal_width in cm": 3.2,
            "petal_length in cm": 1.2,
            "petal_width in cm": 0.2,
            "class of iris: setosa/versicolor/virginica": "Iris-setosa"
        },
        {
            "sepal_length in cm": 5.5,
            "sepal_width in cm": 3.5,
            "petal_length in cm": 1.3,
            "petal_width in cm": 0.2,
            "class of iris: setosa/versicolor/virginica": "Iris-setosa"
        },
        {
            "sepal_length in cm": 4.9,
            "sepal_width in cm": 3.1,
            "petal_length in cm": 1.5,
            "petal_width in cm": 0.1,
            "class of iris: setosa/versicolor/virginica": "Iris-setosa"
        },
        {
            "sepal_length in cm": 4.4,
            "sepal_width in cm": 3.0,
            "petal_length in cm": 1.3,
            "petal_width in cm": 0.2,
            "class of iris: setosa/versicolor/virginica": "Iris-setosa"
        },
        {
            "sepal_length in cm": 5.1,
            "sepal_width in cm": 3.4,
            "petal_length in cm": 1.5,
            "petal_width in cm": 0.2,
            "class of iris: setosa/versicolor/virginica": "Iris-setosa"
        },
        {
            "sepal_length in cm": 5.0,
            "sepal_width in cm": 3.5,
            "petal_length in cm": 1.3,
            "petal_width in cm": 0.3,
            "class of iris: setosa/versicolor/virginica": "Iris-setosa"
        },
        {
            "sepal_length in cm": 4.5,
            "sepal_width in cm": 2.3,
            "petal_length in cm": 1.3,
            "petal_width in cm": 0.3,
            "class of iris: setosa/versicolor/virginica": "Iris-setosa"
        },
        {
            "sepal_length in cm": 4.4,
            "sepal_width in cm": 3.2,
            "petal_length in cm": 1.3,
            "petal_width in cm": 0.2,
            "class of iris: setosa/versicolor/virginica": "Iris-setosa"
        },
        {
            "sepal_length in cm": 5.0,
            "sepal_width in cm": 3.5,
            "petal_length in cm": 1.6,
            "petal_width in cm": 0.6,
            "class of iris: setosa/versicolor/virginica": "Iris-setosa"
        },
        {
            "sepal_length in cm": 5.1,
            "sepal_width in cm": 3.8,
            "petal_length in cm": 1.9,
            "petal_width in cm": 0.4,
            "class of iris: setosa/versicolor/virginica": "Iris-setosa"
        },
        {
            "sepal_length in cm": 4.8,
            "sepal_width in cm": 3.0,
            "petal_length in cm": 1.4,
            "petal_width in cm": 0.3,
            "class of iris: setosa/versicolor/virginica": "Iris-setosa"
        },
        {
            "sepal_length in cm": 5.1,
            "sepal_width in cm": 3.8,
            "petal_length in cm": 1.6,
            "petal_width in cm": 0.2,
            "class of iris: setosa/versicolor/virginica": "Iris-setosa"
        },
        {
            "sepal_length in cm": 4.6,
            "sepal_width in cm": 3.2,
            "petal_length in cm": 1.4,
            "petal_width in cm": 0.2,
            "class of iris: setosa/versicolor/virginica": "Iris-setosa"
        },
        {
            "sepal_length in cm": 5.3,
            "sepal_width in cm": 3.7,
            "petal_length in cm": 1.5,
            "petal_width in cm": 0.2,
            "class of iris: setosa/versicolor/virginica": "Iris-setosa"
        },
        {
            "sepal_length in cm": 5.0,
            "sepal_width in cm": 3.3,
            "petal_length in cm": 1.4,
            "petal_width in cm": 0.2,
            "class of iris: setosa/versicolor/virginica": "Iris-setosa"
        },
        {
            "sepal_length in cm": 7.0,
            "sepal_width in cm": 3.2,
            "petal_length in cm": 4.7,
            "petal_width in cm": 1.4,
            "class of iris: setosa/versicolor/virginica": "Iris-versicolor"
        },
        {
            "sepal_length in cm": 6.4,
            "sepal_width in cm": 3.2,
            "petal_length in cm": 4.5,
            "petal_width in cm": 1.5,
            "class of iris: setosa/versicolor/virginica": "Iris-versicolor"
        },
        {
            "sepal_length in cm": 6.9,
            "sepal_width in cm": 3.1,
            "petal_length in cm": 4.9,
            "petal_width in cm": 1.5,
            "class of iris: setosa/versicolor/virginica": "Iris-versicolor"
        },
        {
            "sepal_length in cm": 5.5,
            "sepal_width in cm": 2.3,
            "petal_length in cm": 4.0,
            "petal_width in cm": 1.3,
            "class of iris: setosa/versicolor/virginica": "Iris-versicolor"
        },
        {
            "sepal_length in cm": 6.5,
            "sepal_width in cm": 2.8,
            "petal_length in cm": 4.6,
            "petal_width in cm": 1.5,
            "class of iris: setosa/versicolor/virginica": "Iris-versicolor"
        },
        {
            "sepal_length in cm": 5.7,
            "sepal_width in cm": 2.8,
            "petal_length in cm": 4.5,
            "petal_width in cm": 1.3,
            "class of iris: setosa/versicolor/virginica": "Iris-versicolor"
        },
        {
            "sepal_length in cm": 6.3,
            "sepal_width in cm": 3.3,
            "petal_length in cm": 4.7,
            "petal_width in cm": 1.6,
            "class of iris: setosa/versicolor/virginica": "Iris-versicolor"
        },
        {
            "sepal_length in cm": 4.9,
            "sepal_width in cm": 2.4,
            "petal_length in cm": 3.3,
            "petal_width in cm": 1.0,
            "class of iris: setosa/versicolor/virginica": "Iris-versicolor"
        },
        {
            "sepal_length in cm": 6.6,
            "sepal_width in cm": 2.9,
            "petal_length in cm": 4.6,
            "petal_width in cm": 1.3,
            "class of iris: setosa/versicolor/virginica": "Iris-versicolor"
        },
        {
            "sepal_length in cm": 5.2,
            "sepal_width in cm": 2.7,
            "petal_length in cm": 3.9,
            "petal_width in cm": 1.4,
            "class of iris: setosa/versicolor/virginica": "Iris-versicolor"
        },
        {
            "sepal_length in cm": 5.0,
            "sepal_width in cm": 2.0,
            "petal_length in cm": 3.5,
            "petal_width in cm": 1.0,
            "class of iris: setosa/versicolor/virginica": "Iris-versicolor"
        },
        {
            "sepal_length in cm": 5.9,
            "sepal_width in cm": 3.0,
            "petal_length in cm": 4.2,
            "petal_width in cm": 1.5,
            "class of iris: setosa/versicolor/virginica": "Iris-versicolor"
        },
        {
            "sepal_length in cm": 6.0,
            "sepal_width in cm": 2.2,
            "petal_length in cm": 4.0,
            "petal_width in cm": 1.0,
            "class of iris: setosa/versicolor/virginica": "Iris-versicolor"
        },
        {
            "sepal_length in cm": 6.1,
            "sepal_width in cm": 2.9,
            "petal_length in cm": 4.7,
            "petal_width in cm": 1.4,
            "class of iris: setosa/versicolor/virginica": "Iris-versicolor"
        },
        {
            "sepal_length in cm": 5.6,
            "sepal_width in cm": 2.9,
            "petal_length in cm": 3.6,
            "petal_width in cm": 1.3,
            "class of iris: setosa/versicolor/virginica": "Iris-versicolor"
        },
        {
            "sepal_length in cm": 6.7,
            "sepal_width in cm": 3.1,
            "petal_length in cm": 4.4,
            "petal_width in cm": 1.4,
            "class of iris: setosa/versicolor/virginica": "Iris-versicolor"
        },
        {
            "sepal_length in cm": 5.6,
            "sepal_width in cm": 3.0,
            "petal_length in cm": 4.5,
            "petal_width in cm": 1.5,
            "class of iris: setosa/versicolor/virginica": "Iris-versicolor"
        },
        {
            "sepal_length in cm": 5.8,
            "sepal_width in cm": 2.7,
            "petal_length in cm": 4.1,
            "petal_width in cm": 1.0,
            "class of iris: setosa/versicolor/virginica": "Iris-versicolor"
        },
        {
            "sepal_length in cm": 6.2,
            "sepal_width in cm": 2.2,
            "petal_length in cm": 4.5,
            "petal_width in cm": 1.5,
            "class of iris: setosa/versicolor/virginica": "Iris-versicolor"
        },
        {
            "sepal_length in cm": 5.6,
            "sepal_width in cm": 2.5,
            "petal_length in cm": 3.9,
            "petal_width in cm": 1.1,
            "class of iris: setosa/versicolor/virginica": "Iris-versicolor"
        },
        {
            "sepal_length in cm": 5.9,
            "sepal_width in cm": 3.2,
            "petal_length in cm": 4.8,
            "petal_width in cm": 1.8,
            "class of iris: setosa/versicolor/virginica": "Iris-versicolor"
        },
        {
            "sepal_length in cm": 6.1,
            "sepal_width in cm": 2.8,
            "petal_length in cm": 4.0,
            "petal_width in cm": 1.3,
            "class of iris: setosa/versicolor/virginica": "Iris-versicolor"
        },
        {
            "sepal_length in cm": 6.3,
            "sepal_width in cm": 2.5,
            "petal_length in cm": 4.9,
            "petal_width in cm": 1.5,
            "class of iris: setosa/versicolor/virginica": "Iris-versicolor"
        },
        {
            "sepal_length in cm": 6.1,
            "sepal_width in cm": 2.8,
            "petal_length in cm": 4.7,
            "petal_width in cm": 1.2,
            "class of iris: setosa/versicolor/virginica": "Iris-versicolor"
        },
        {
            "sepal_length in cm": 6.4,
            "sepal_width in cm": 2.9,
            "petal_length in cm": 4.3,
            "petal_width in cm": 1.3,
            "class of iris: setosa/versicolor/virginica": "Iris-versicolor"
        },
        {
            "sepal_length in cm": 6.6,
            "sepal_width in cm": 3.0,
            "petal_length in cm": 4.4,
            "petal_width in cm": 1.4,
            "class of iris: setosa/versicolor/virginica": "Iris-versicolor"
        },
        {
            "sepal_length in cm": 6.8,
            "sepal_width in cm": 2.8,
            "petal_length in cm": 4.8,
            "petal_width in cm": 1.4,
            "class of iris: setosa/versicolor/virginica": "Iris-versicolor"
        },
        {
            "sepal_length in cm": 6.7,
            "sepal_width in cm": 3.0,
            "petal_length in cm": 5.0,
            "petal_width in cm": 1.7,
            "class of iris: setosa/versicolor/virginica": "Iris-versicolor"
        },
        {
            "sepal_length in cm": 6.0,
            "sepal_width in cm": 2.9,
            "petal_length in cm": 4.5,
            "petal_width in cm": 1.5,
            "class of iris: setosa/versicolor/virginica": "Iris-versicolor"
        },
        {
            "sepal_length in cm": 5.7,
            "sepal_width in cm": 2.6,
            "petal_length in cm": 3.5,
            "petal_width in cm": 1.0,
            "class of iris: setosa/versicolor/virginica": "Iris-versicolor"
        },
        {
            "sepal_length in cm": 5.5,
            "sepal_width in cm": 2.4,
            "petal_length in cm": 3.8,
            "petal_width in cm": 1.1,
            "class of iris: setosa/versicolor/virginica": "Iris-versicolor"
        },
        {
            "sepal_length in cm": 5.5,
            "sepal_width in cm": 2.4,
            "petal_length in cm": 3.7,
            "petal_width in cm": 1.0,
            "class of iris: setosa/versicolor/virginica": "Iris-versicolor"
        },
        {
            "sepal_length in cm": 5.8,
            "sepal_width in cm": 2.7,
            "petal_length in cm": 3.9,
            "petal_width in cm": 1.2,
            "class of iris: setosa/versicolor/virginica": "Iris-versicolor"
        },
        {
            "sepal_length in cm": 6.0,
            "sepal_width in cm": 2.7,
            "petal_length in cm": 5.1,
            "petal_width in cm": 1.6,
            "class of iris: setosa/versicolor/virginica": "Iris-versicolor"
        },
        {
            "sepal_length in cm": 5.4,
            "sepal_width in cm": 3.0,
            "petal_length in cm": 4.5,
            "petal_width in cm": 1.5,
            "class of iris: setosa/versicolor/virginica": "Iris-versicolor"
        },
        {
            "sepal_length in cm": 6.0,
            "sepal_width in cm": 3.4,
            "petal_length in cm": 4.5,
            "petal_width in cm": 1.6,
            "class of iris: setosa/versicolor/virginica": "Iris-versicolor"
        },
        {
            "sepal_length in cm": 6.7,
            "sepal_width in cm": 3.1,
            "petal_length in cm": 4.7,
            "petal_width in cm": 1.5,
            "class of iris: setosa/versicolor/virginica": "Iris-versicolor"
        },
        {
            "sepal_length in cm": 6.3,
            "sepal_width in cm": 2.3,
            "petal_length in cm": 4.4,
            "petal_width in cm": 1.3,
            "class of iris: setosa/versicolor/virginica": "Iris-versicolor"
        },
        {
            "sepal_length in cm": 5.6,
            "sepal_width in cm": 3.0,
            "petal_length in cm": 4.1,
            "petal_width in cm": 1.3,
            "class of iris: setosa/versicolor/virginica": "Iris-versicolor"
        },
        {
            "sepal_length in cm": 5.5,
            "sepal_width in cm": 2.5,
            "petal_length in cm": 4.0,
            "petal_width in cm": 1.3,
            "class of iris: setosa/versicolor/virginica": "Iris-versicolor"
        },
        {
            "sepal_length in cm": 5.5,
            "sepal_width in cm": 2.6,
            "petal_length in cm": 4.4,
            "petal_width in cm": 1.2,
            "class of iris: setosa/versicolor/virginica": "Iris-versicolor"
        },
        {
            "sepal_length in cm": 6.1,
            "sepal_width in cm": 3.0,
            "petal_length in cm": 4.6,
            "petal_width in cm": 1.4,
            "class of iris: setosa/versicolor/virginica": "Iris-versicolor"
        },
        {
            "sepal_length in cm": 5.8,
            "sepal_width in cm": 2.6,
            "petal_length in cm": 4.0,
            "petal_width in cm": 1.2,
            "class of iris: setosa/versicolor/virginica": "Iris-versicolor"
        },
        {
            "sepal_length in cm": 5.0,
            "sepal_width in cm": 2.3,
            "petal_length in cm": 3.3,
            "petal_width in cm": 1.0,
            "class of iris: setosa/versicolor/virginica": "Iris-versicolor"
        },
        {
            "sepal_length in cm": 5.6,
            "sepal_width in cm": 2.7,
            "petal_length in cm": 4.2,
            "petal_width in cm": 1.3,
            "class of iris: setosa/versicolor/virginica": "Iris-versicolor"
        },
        {
            "sepal_length in cm": 5.7,
            "sepal_width in cm": 3.0,
            "petal_length in cm": 4.2,
            "petal_width in cm": 1.2,
            "class of iris: setosa/versicolor/virginica": "Iris-versicolor"
        },
        {
            "sepal_length in cm": 5.7,
            "sepal_width in cm": 2.9,
            "petal_length in cm": 4.2,
            "petal_width in cm": 1.3,
            "class of iris: setosa/versicolor/virginica": "Iris-versicolor"
        },
        {
            "sepal_length in cm": 6.2,
            "sepal_width in cm": 2.9,
            "petal_length in cm": 4.3,
            "petal_width in cm": 1.3,
            "class of iris: setosa/versicolor/virginica": "Iris-versicolor"
        },
        {
            "sepal_length in cm": 5.1,
            "sepal_width in cm": 2.5,
            "petal_length in cm": 3.0,
            "petal_width in cm": 1.1,
            "class of iris: setosa/versicolor/virginica": "Iris-versicolor"
        },
        {
            "sepal_length in cm": 5.7,
            "sepal_width in cm": 2.8,
            "petal_length in cm": 4.1,
            "petal_width in cm": 1.3,
            "class of iris: setosa/versicolor/virginica": "Iris-versicolor"
        },
        {
            "sepal_length in cm": 6.3,
            "sepal_width in cm": 3.3,
            "petal_length in cm": 6.0,
            "petal_width in cm": 2.5,
            "class of iris: setosa/versicolor/virginica": "Iris-virginica"
        },
        {
            "sepal_length in cm": 5.8,
            "sepal_width in cm": 2.7,
            "petal_length in cm": 5.1,
            "petal_width in cm": 1.9,
            "class of iris: setosa/versicolor/virginica": "Iris-virginica"
        },
        {
            "sepal_length in cm": 7.1,
            "sepal_width in cm": 3.0,
            "petal_length in cm": 5.9,
            "petal_width in cm": 2.1,
            "class of iris: setosa/versicolor/virginica": "Iris-virginica"
        },
        {
            "sepal_length in cm": 6.3,
            "sepal_width in cm": 2.9,
            "petal_length in cm": 5.6,
            "petal_width in cm": 1.8,
            "class of iris: setosa/versicolor/virginica": "Iris-virginica"
        },
        {
            "sepal_length in cm": 6.5,
            "sepal_width in cm": 3.0,
            "petal_length in cm": 5.8,
            "petal_width in cm": 2.2,
            "class of iris: setosa/versicolor/virginica": "Iris-virginica"
        },
        {
            "sepal_length in cm": 7.6,
            "sepal_width in cm": 3.0,
            "petal_length in cm": 6.6,
            "petal_width in cm": 2.1,
            "class of iris: setosa/versicolor/virginica": "Iris-virginica"
        },
        {
            "sepal_length in cm": 4.9,
            "sepal_width in cm": 2.5,
            "petal_length in cm": 4.5,
            "petal_width in cm": 1.7,
            "class of iris: setosa/versicolor/virginica": "Iris-virginica"
        },
        {
            "sepal_length in cm": 7.3,
            "sepal_width in cm": 2.9,
            "petal_length in cm": 6.3,
            "petal_width in cm": 1.8,
            "class of iris: setosa/versicolor/virginica": "Iris-virginica"
        },
        {
            "sepal_length in cm": 6.7,
            "sepal_width in cm": 2.5,
            "petal_length in cm": 5.8,
            "petal_width in cm": 1.8,
            "class of iris: setosa/versicolor/virginica": "Iris-virginica"
        },
        {
            "sepal_length in cm": 7.2,
            "sepal_width in cm": 3.6,
            "petal_length in cm": 6.1,
            "petal_width in cm": 2.5,
            "class of iris: setosa/versicolor/virginica": "Iris-virginica"
        },
        {
            "sepal_length in cm": 6.5,
            "sepal_width in cm": 3.2,
            "petal_length in cm": 5.1,
            "petal_width in cm": 2.0,
            "class of iris: setosa/versicolor/virginica": "Iris-virginica"
        },
        {
            "sepal_length in cm": 6.4,
            "sepal_width in cm": 2.7,
            "petal_length in cm": 5.3,
            "petal_width in cm": 1.9,
            "class of iris: setosa/versicolor/virginica": "Iris-virginica"
        },
        {
            "sepal_length in cm": 6.8,
            "sepal_width in cm": 3.0,
            "petal_length in cm": 5.5,
            "petal_width in cm": 2.1,
            "class of iris: setosa/versicolor/virginica": "Iris-virginica"
        },
        {
            "sepal_length in cm": 5.7,
            "sepal_width in cm": 2.5,
            "petal_length in cm": 5.0,
            "petal_width in cm": 2.0,
            "class of iris: setosa/versicolor/virginica": "Iris-virginica"
        },
        {
            "sepal_length in cm": 5.8,
            "sepal_width in cm": 2.8,
            "petal_length in cm": 5.1,
            "petal_width in cm": 2.4,
            "class of iris: setosa/versicolor/virginica": "Iris-virginica"
        },
        {
            "sepal_length in cm": 6.4,
            "sepal_width in cm": 3.2,
            "petal_length in cm": 5.3,
            "petal_width in cm": 2.3,
            "class of iris: setosa/versicolor/virginica": "Iris-virginica"
        },
        {
            "sepal_length in cm": 6.5,
            "sepal_width in cm": 3.0,
            "petal_length in cm": 5.5,
            "petal_width in cm": 1.8,
            "class of iris: setosa/versicolor/virginica": "Iris-virginica"
        },
        {
            "sepal_length in cm": 7.7,
            "sepal_width in cm": 3.8,
            "petal_length in cm": 6.7,
            "petal_width in cm": 2.2,
            "class of iris: setosa/versicolor/virginica": "Iris-virginica"
        },
        {
            "sepal_length in cm": 7.7,
            "sepal_width in cm": 2.6,
            "petal_length in cm": 6.9,
            "petal_width in cm": 2.3,
            "class of iris: setosa/versicolor/virginica": "Iris-virginica"
        },
        {
            "sepal_length in cm": 6.0,
            "sepal_width in cm": 2.2,
            "petal_length in cm": 5.0,
            "petal_width in cm": 1.5,
            "class of iris: setosa/versicolor/virginica": "Iris-virginica"
        },
        {
            "sepal_length in cm": 6.9,
            "sepal_width in cm": 3.2,
            "petal_length in cm": 5.7,
            "petal_width in cm": 2.3,
            "class of iris: setosa/versicolor/virginica": "Iris-virginica"
        },
        {
            "sepal_length in cm": 5.6,
            "sepal_width in cm": 2.8,
            "petal_length in cm": 4.9,
            "petal_width in cm": 2.0,
            "class of iris: setosa/versicolor/virginica": "Iris-virginica"
        },
        {
            "sepal_length in cm": 7.7,
            "sepal_width in cm": 2.8,
            "petal_length in cm": 6.7,
            "petal_width in cm": 2.0,
            "class of iris: setosa/versicolor/virginica": "Iris-virginica"
        },
        {
            "sepal_length in cm": 6.3,
            "sepal_width in cm": 2.7,
            "petal_length in cm": 4.9,
            "petal_width in cm": 1.8,
            "class of iris: setosa/versicolor/virginica": "Iris-virginica"
        },
        {
            "sepal_length in cm": 6.7,
            "sepal_width in cm": 3.3,
            "petal_length in cm": 5.7,
            "petal_width in cm": 2.1,
            "class of iris: setosa/versicolor/virginica": "Iris-virginica"
        },
        {
            "sepal_length in cm": 7.2,
            "sepal_width in cm": 3.2,
            "petal_length in cm": 6.0,
            "petal_width in cm": 1.8,
            "class of iris: setosa/versicolor/virginica": "Iris-virginica"
        },
        {
            "sepal_length in cm": 6.2,
            "sepal_width in cm": 2.8,
            "petal_length in cm": 4.8,
            "petal_width in cm": 1.8,
            "class of iris: setosa/versicolor/virginica": "Iris-virginica"
        },
        {
            "sepal_length in cm": 6.1,
            "sepal_width in cm": 3.0,
            "petal_length in cm": 4.9,
            "petal_width in cm": 1.8,
            "class of iris: setosa/versicolor/virginica": "Iris-virginica"
        },
        {
            "sepal_length in cm": 6.4,
            "sepal_width in cm": 2.8,
            "petal_length in cm": 5.6,
            "petal_width in cm": 2.1,
            "class of iris: setosa/versicolor/virginica": "Iris-virginica"
        },
        {
            "sepal_length in cm": 7.2,
            "sepal_width in cm": 3.0,
            "petal_length in cm": 5.8,
            "petal_width in cm": 1.6,
            "class of iris: setosa/versicolor/virginica": "Iris-virginica"
        },
        {
            "sepal_length in cm": 7.4,
            "sepal_width in cm": 2.8,
            "petal_length in cm": 6.1,
            "petal_width in cm": 1.9,
            "class of iris: setosa/versicolor/virginica": "Iris-virginica"
        },
        {
            "sepal_length in cm": 7.9,
            "sepal_width in cm": 3.8,
            "petal_length in cm": 6.4,
            "petal_width in cm": 2.0,
            "class of iris: setosa/versicolor/virginica": "Iris-virginica"
        },
        {
            "sepal_length in cm": 6.4,
            "sepal_width in cm": 2.8,
            "petal_length in cm": 5.6,
            "petal_width in cm": 2.2,
            "class of iris: setosa/versicolor/virginica": "Iris-virginica"
        },
        {
            "sepal_length in cm": 6.3,
            "sepal_width in cm": 2.8,
            "petal_length in cm": 5.1,
            "petal_width in cm": 1.5,
            "class of iris: setosa/versicolor/virginica": "Iris-virginica"
        },
        {
            "sepal_length in cm": 6.1,
            "sepal_width in cm": 2.6,
            "petal_length in cm": 5.6,
            "petal_width in cm": 1.4,
            "class of iris: setosa/versicolor/virginica": "Iris-virginica"
        },
        {
            "sepal_length in cm": 7.7,
            "sepal_width in cm": 3.0,
            "petal_length in cm": 6.1,
            "petal_width in cm": 2.3,
            "class of iris: setosa/versicolor/virginica": "Iris-virginica"
        },
        {
            "sepal_length in cm": 6.3,
            "sepal_width in cm": 3.4,
            "petal_length in cm": 5.6,
            "petal_width in cm": 2.4,
            "class of iris: setosa/versicolor/virginica": "Iris-virginica"
        },
        {
            "sepal_length in cm": 6.4,
            "sepal_width in cm": 3.1,
            "petal_length in cm": 5.5,
            "petal_width in cm": 1.8,
            "class of iris: setosa/versicolor/virginica": "Iris-virginica"
        },
        {
            "sepal_length in cm": 6.0,
            "sepal_width in cm": 3.0,
            "petal_length in cm": 4.8,
            "petal_width in cm": 1.8,
            "class of iris: setosa/versicolor/virginica": "Iris-virginica"
        },
        {
            "sepal_length in cm": 6.9,
            "sepal_width in cm": 3.1,
            "petal_length in cm": 5.4,
            "petal_width in cm": 2.1,
            "class of iris: setosa/versicolor/virginica": "Iris-virginica"
        },
        {
            "sepal_length in cm": 6.7,
            "sepal_width in cm": 3.1,
            "petal_length in cm": 5.6,
            "petal_width in cm": 2.4,
            "class of iris: setosa/versicolor/virginica": "Iris-virginica"
        },
        {
            "sepal_length in cm": 6.9,
            "sepal_width in cm": 3.1,
            "petal_length in cm": 5.1,
            "petal_width in cm": 2.3,
            "class of iris: setosa/versicolor/virginica": "Iris-virginica"
        },
        {
            "sepal_length in cm": 5.8,
            "sepal_width in cm": 2.7,
            "petal_length in cm": 5.1,
            "petal_width in cm": 1.9,
            "class of iris: setosa/versicolor/virginica": "Iris-virginica"
        },
        {
            "sepal_length in cm": 6.8,
            "sepal_width in cm": 3.2,
            "petal_length in cm": 5.9,
            "petal_width in cm": 2.3,
            "class of iris: setosa/versicolor/virginica": "Iris-virginica"
        },
        {
            "sepal_length in cm": 6.7,
            "sepal_width in cm": 3.3,
            "petal_length in cm": 5.7,
            "petal_width in cm": 2.5,
            "class of iris: setosa/versicolor/virginica": "Iris-virginica"
        },
        {
            "sepal_length in cm": 6.7,
            "sepal_width in cm": 3.0,
            "petal_length in cm": 5.2,
            "petal_width in cm": 2.3,
            "class of iris: setosa/versicolor/virginica": "Iris-virginica"
        },
        {
            "sepal_length in cm": 6.3,
            "sepal_width in cm": 2.5,
            "petal_length in cm": 5.0,
            "petal_width in cm": 1.9,
            "class of iris: setosa/versicolor/virginica": "Iris-virginica"
        },
        {
            "sepal_length in cm": 6.5,
            "sepal_width in cm": 3.0,
            "petal_length in cm": 5.2,
            "petal_width in cm": 2.0,
            "class of iris: setosa/versicolor/virginica": "Iris-virginica"
        },
        {
            "sepal_length in cm": 6.2,
            "sepal_width in cm": 3.4,
            "petal_length in cm": 5.4,
            "petal_width in cm": 2.3,
            "class of iris: setosa/versicolor/virginica": "Iris-virginica"
        },
        {
            "sepal_length in cm": 5.9,
            "sepal_width in cm": 3.0,
            "petal_length in cm": 5.1,
            "petal_width in cm": 1.8,
            "class of iris: setosa/versicolor/virginica": "Iris-virginica"
        }
    ]
}